candidate,evaluation
asymmetry,FALSE
muscle fiber,FALSE
ftx muscle fiber,FALSE
st muscle fiber,FALSE
muscle fiber type,FALSE
single muscle fiber,FALSE
arm stroke,FALSE
underwater arm stroke,FALSE
breaststroke arm stroke,FALSE
left arm stroke,FALSE
backstroke arm stroke,FALSE
arm stroke pattern,FALSE
upsweep,FALSE
final upsweep,FALSE
long final upsweep,FALSE
propulsive final upsweep,FALSE
substantial final upsweep,FALSE
swimming performance,FALSE
good swim performance,FALSE
adolescent swim performance,FALSE
collegiate swim performance,FALSE
periodization swimming performance,FALSE
anaerobic swimming performance,FALSE
sprint swimming performance,FALSE
aerobic capacity,FALSE
aerobic metabolic capacity,FALSE
aerobic and anaerobic capacity,FALSE
competitive swimmer,FALSE
competitive crawl stroke swimmer,FALSE
elite competitive swimmer,FALSE
male competitive swimmer,FALSE
coaching application,FALSE
insweep,FALSE
fast twitch muscle fiber,FALSE
slow twitch muscle fiber,FALSE
forward velocity,FALSE
great forward velocity,FALSE
propulsive force,FALSE
dominant propulsive force,FALSE
combined propulsive force,FALSE
high-intensity,FALSE
high - intensity,FALSE
training load,FALSE
sport medicine,FALSE
backstroke swimmer,FALSE
three-peak backstroke swimmer,FALSE
elite backstroke swimmer,FALSE
training zone,FALSE
zone of endurance training,FALSE
anaerobic training zone,FALSE
aerobic training zone,FALSE
front view stroke pattern,FALSE
side view stroke pattern,FALSE
probable stroke pattern,FALSE
usa swimming coach,FALSE
overuse injury,FALSE
overuse shoulder injury,FALSE
overuse injury prevention,FALSE
sports-related overuse injury,FALSE
propulsive phase,FALSE
propulsive phase of insweep,FALSE
relay exchange time,FALSE
standardized relay exchange time,FALSE
short relay exchange time,FALSE
average relay exchange time,FALSE
anaerobic threshold,FALSE
aerobic and anaerobic threshold,FALSE
intermittent hypoxic exposure,FALSE
body composition,FALSE
body composition parameter,FALSE
swim performance,FALSE
swim performance datum,FALSE
shoulder pain,FALSE
isolated anterior shoulder pain,FALSE
intensity training,FALSE
low intensity training,FALSE
intensity interval training,FALSE
high intensity training,FALSE
moderate intensity training,FALSE
female swimmer,FALSE
female collegiate swimmer,FALSE
female division i swimmer,FALSE
collegiate female swimmer,FALSE
male and female swimmer,FALSE
elite female swimmer,FALSE
breaststroke swimmer,FALSE
elite breaststroke swimmer,FALSE
competitive swimming,FALSE
blood lactate,FALSE
blood lactate concentration,FALSE
velocity graph,FALSE
forward velocity graph,FALSE
mass forward velocity graph,FALSE
thoracic and lumbar alignment,FALSE
fast twitch fiber,FALSE
training volume,FALSE
volume and intensity of training,FALSE
aerobic metabolism,FALSE
aerobic and anaerobic metabolism,FALSE
anaerobic and aerobic metabolism,FALSE
coordination,FALSE
body roll,FALSE
considerable body roll,FALSE
streamline position,FALSE
underwater streamline position,FALSE
fiber type,FALSE
type of muscle fiber,FALSE
hand force,FALSE
average hand force,FALSE
depressed hand force,FALSE
hand force curve,FALSE
endurance training,FALSE
traditional endurance training,FALSE
swimming speed,FALSE
speed of breastroke swimming,FALSE
adduction,FALSE
slow twitch fiber,FALSE
coach-created motivational climate,FALSE
mastery-oriented motivational climate,FALSE
appl,FALSE
body mass,FALSE
body mass index,FALSE
maturational timing,FALSE
lumbar lordosis angle,FALSE
stroke cycle,FALSE
training effect,FALSE
effect of hiit training,FALSE
effect of altitude training,FALSE
upper limb,FALSE
upper and low limb,FALSE
dominant upper limb,FALSE
motor unit,FALSE
master swimmer,FALSE
competitive master swimmer,FALSE
journal of sport science,FALSE
mitochondrion,FALSE
biomechanic,FALSE
stroke length,FALSE
average stroke length,FALSE
collegiate swimmer,FALSE
horizontal,FALSE
aerobic and anaerobic endurance,FALSE
stroke rate,FALSE
fast stroke rate,FALSE
average stroke rate,FALSE
young swimmer,FALSE
shoulder adduction,FALSE
upper arm,FALSE
upper and low arm,FALSE
elite swimmer,FALSE
elite front crawl swimmer,FALSE
senior elite swimmer,FALSE
present study,FALSE
online,FALSE
anaerobic capacity,FALSE
anaerobic energy system capacity,FALSE
anaerobic metabolic capacity,FALSE
midline,FALSE
resistance of water,FALSE
water resistance,FALSE
simulated front crawl,FALSE
personal good time,FALSE
oxygen consumption,FALSE
maximal oxygen consumption,FALSE
resting oxygen consumption,FALSE
low limb,FALSE
swimming coach,FALSE
american swim coach,FALSE
successful swim coach,FALSE
variability,FALSE
anaerobic threshold velocity,FALSE
lactate threshold,FALSE
lactate threshold speed,FALSE
swimming stroke,FALSE
sport exerc,FALSE
sport exerc psychol,FALSE
aerobic training,FALSE
aerobic and anaerobic training,FALSE
repeated sprint training,FALSE
stroke technique,FALSE
nutritional,FALSE
symmetrical,FALSE
impingement,FALSE
drag force,FALSE
active drag force,FALSE
underwater group,FALSE
swim coach,FALSE
high-intensity training,FALSE
high-intensity intermittent training,FALSE
metabolite,FALSE
capacity of slow twitch,FALSE
bilaterally,FALSE
shoulder angle,FALSE
propulsive sweep,FALSE
repeat set,FALSE
late maturers,FALSE
en-2,FALSE
team exchange time,FALSE
flexion,FALSE
competitive season,FALSE
competitive collegiate season,FALSE
crawl stroke,FALSE
crawl stroke swimming,FALSE
sprint front crawl stroke,FALSE
acclimatization,FALSE
velocity,FALSE
pain scale,FALSE
functional pain scale,FALSE
self-reported pain scale,FALSE
arm recovery,FALSE
vertical handgrip,FALSE
horizontal or vertical handgrip,FALSE
anaerobic metabolism,FALSE
spinal alignment,FALSE
effect of training,FALSE
athletic performance,FALSE
repeat distance,FALSE
curvilinear,FALSE
recovery time,FALSE
adequate recovery time,FALSE
performance improvement,FALSE
yardage,FALSE
psychological skill,FALSE
bilateral asymmetry,FALSE
previous study,FALSE
side view,FALSE
side view of breaststroke,FALSE
aerobic threshold,FALSE
current study,FALSE
outsweep,FALSE
variant with foot,FALSE
front crawl swimming,FALSE
training strategy,FALSE
hand photo,FALSE
left hand photo,FALSE
hand photo of zubero,FALSE
colorado spring,FALSE
swim training,FALSE
backstroke stroke,FALSE
range of motion,FALSE
swimming training,FALSE
ohio state university,FALSE
sport psychology,FALSE
applied sport psychology,FALSE
muscle imbalance,FALSE
water temperature,FALSE
performance datum,FALSE
relay performance datum,FALSE
active drag,FALSE
bilateral difference,FALSE
human skeletal muscle,FALSE
maximum effort,FALSE
body shape,FALSE
linear body shape,FALSE
coaching behavior,FALSE
oxygen uptake,FALSE
training speed,FALSE
en-3,FALSE
training intensity,FALSE
duration and intensity of training,FALSE
agonist,FALSE
swimming event,FALSE
elite swimming event,FALSE
training velocity,FALSE
short rest,FALSE
competitive stroke,FALSE
three-peak,FALSE
backstroke event,FALSE
backward force,FALSE
med sci sport exerc,FALSE
champion swimmer,FALSE
sideward,FALSE
downward,FALSE
novice swimmer,FALSE
mass of water,FALSE
active recovery,FALSE
active and passive recovery,FALSE
split time,FALSE
angle of attack,FALSE
standing position,FALSE
resistive drag,FALSE
purpose of study,FALSE
purpose of present study,FALSE
primary purpose of study,FALSE
good alignment,FALSE
endurance athlete,FALSE
elite endurance athlete,FALSE
fast speed,FALSE
strength cond,FALSE
en-1 zone,FALSE
competitive level,FALSE
competitive level of swimmer,FALSE
side of body,FALSE
swimming world championship,FALSE
repeated sprint,FALSE
performance and body composition,FALSE
swimming velocity,FALSE
maximum swimming velocity,FALSE
breathing problem,FALSE
stress-related breathing problem,FALSE
backstroke heat,FALSE
body fat,FALSE
lift force,FALSE
fat mass,FALSE
moderate intensity,FALSE
dynamic warm-up,FALSE
pulmonary function,FALSE
effect size,FALSE
surface group,FALSE
underside,FALSE
injury risk,FALSE
risk of overuse injury,FALSE
overuse injury risk,FALSE
foundation of coaching,FALSE
ernest,FALSE
linear,FALSE
natation,FALSE
self-reported,FALSE
distance runner,FALSE
vortex,FALSE
side dominance,FALSE
motor nerve,FALSE
extended arm,FALSE
middle of season,FALSE
wave drag,FALSE
fiber recruitment,FALSE
individual swimmer,FALSE
decrement,FALSE
website,FALSE
web site,FALSE
adaptive,FALSE
training distance,FALSE
ftx fiber,FALSE
ftx fiber of human,FALSE
in-water,FALSE
training regimen,FALSE
aquatic,FALSE
early adolescence,FALSE
anthropometric,FALSE
deceleration,FALSE
international symposium,FALSE
xix international symposium,FALSE
normoxia,FALSE
week of training,FALSE
training week,FALSE
modern-day,FALSE
core,FALSE
swim time,FALSE
timing and swim performance,FALSE
propulsive peak,FALSE
erector spinae muscle,FALSE
european journal,FALSE
relay team,FALSE
swimming relay team,FALSE
health care provider,FALSE
capillary,FALSE
net force,FALSE
aerobic endurance,FALSE
tethered swimming test,FALSE
%mvc,FALSE
drag-dominated propulsion,FALSE
previous research,FALSE
relative contribution,FALSE
cold incapacitation,FALSE
training adaptation,FALSE
optimal training adaptation,FALSE
peripheral training adaptation,FALSE
high horizontal handgrip,FALSE
straight line pull,FALSE
beta-2 agonist,FALSE
red arrow,FALSE
taper period,FALSE
body wave,FALSE
short exchange time,FALSE
male swimmer,FALSE
external rotation,FALSE
internal and external rotation,FALSE
soreness,FALSE
spinous process,FALSE
nova science publisher,FALSE
altitude training,FALSE
boat paddle,FALSE
breaststrokers,FALSE
blood flow,FALSE
muscle blood flow,FALSE
open water,FALSE
cold open water,FALSE
surface of water,FALSE
water surface,FALSE
strength training,FALSE
hypoxic chamber,FALSE
normobaric hypoxic chamber,FALSE
training load group,FALSE
heavy training,FALSE
t100c,FALSE
human swimming,FALSE
mitochondrial density,FALSE
optimal performance,FALSE
higher-performing,FALSE
weak side,FALSE
swimming propulsion,FALSE
human swimming propulsion,FALSE
rotator,FALSE
type of training,FALSE
late adolescence,FALSE
middle and late adolescence,FALSE
three-peak backstroke,FALSE
unique three-peak backstroke,FALSE
internal rotation,FALSE
backstroke start,FALSE
backstroke start technique,FALSE
swimming club,FALSE
norwegian swimming club,FALSE
sport science associate,FALSE
pb success rate,FALSE
streamlining,FALSE
propulsive action,FALSE
sport performance,FALSE
elite-level,FALSE
symptom of overtraining,FALSE
good swimmer,FALSE
maximally,FALSE
health science,FALSE
hydrodynamic,FALSE
method participant,FALSE
total load,FALSE
reverse periodization,FALSE
team relay exchange time,FALSE
short relay exchange,FALSE
healthcare provider,FALSE
scapula,FALSE
degree of narrowness,FALSE
swimming competition,FALSE
vilas boa,FALSE
distance swimmer,FALSE
middle distance swimmer,FALSE
lactate removal rate,FALSE
statistical significance,FALSE
butterfly swimmer,FALSE
skilled butterfly swimmer,FALSE
block configuration,FALSE
vo2max velocity,FALSE
stroke mechanic,FALSE
altered stroke mechanic,FALSE
lactate concentration,FALSE
inclinometer,FALSE
standard deviation,FALSE
shoulder flexibility,FALSE
high frequency,FALSE
laxity,FALSE
training stress,FALSE
slow speed,FALSE
lazy meadow lane prescott,FALSE
catch position,FALSE
movement pattern,FALSE
asymmetrical movement pattern,FALSE
resistive force,FALSE
strength asymmetry,FALSE
american journal of sport medicine,FALSE
elite swimming,FALSE
exercise science,FALSE
training group,FALSE
alignment and trunk muscle,FALSE
youth swimmer,FALSE
int j sport,FALSE
age difference,FALSE
pull phase,FALSE
scapular,FALSE
circadian rhythm,FALSE
likert scale,FALSE
5-point likert scale,FALSE
7-point likert scale,FALSE
handedness,FALSE
sprint swimming,FALSE
upper extremity,FALSE
early maturers,FALSE
soccer player,FALSE
swimming warm-up,FALSE
day of competition,FALSE
lumbar spine,FALSE
extensor,FALSE
shoulder roll,FALSE
maximum shoulder roll,FALSE
capacity and lactate removal,FALSE
strength difference,FALSE
wetsuit,FALSE
hard training,FALSE
low back pain,FALSE
anatomical,FALSE
sprint performance,FALSE
freestyle swimming,FALSE
majority of swimmer,FALSE
perfectionism,FALSE
pressure drag,FALSE
non-dominant side,FALSE
dominant and non-dominant side,FALSE
period of training,FALSE
abdominal muscle,FALSE
three-dimensional,FALSE
tendonitis,FALSE
exercise physiology,FALSE
race time,FALSE
st fiber,FALSE
human performance,FALSE
magnitude of improvement,FALSE
hyperventilation,FALSE
lactic acid,FALSE
long tendon,FALSE
biceps long tendon,FALSE
ergogenic,FALSE
midline of body,FALSE
lumbar extension,FALSE
final upsweep figure,FALSE
exercise performance,FALSE
intense exercise performance,FALSE
physiological parameter,FALSE
underwater swimming,FALSE
misalignment,FALSE
future study,FALSE
elite athlete,FALSE
total distance,FALSE
race speed,FALSE
shoulder problem,FALSE
rate of aerobic metabolism,FALSE
cold shock,FALSE
dominant arm,FALSE
motor skill,FALSE
gross motor skill,FALSE
statistical analysis,FALSE
high elbow,FALSE
vital capacity,FALSE
event entry,FALSE
muscle glycogen,FALSE
altitude exposure,FALSE
simulated altitude exposure,FALSE
exercise intensity,FALSE
similar result,FALSE
coaching education,FALSE
stroke phase,FALSE
phase of arm stroke,FALSE
stroke phase duration,FALSE
effect of asymmetry,FALSE
specific effect of asymmetry,FALSE
out-placed,FALSE
warm-up protocol,FALSE
two-peak style,FALSE
three-peak stroke,FALSE
upsweep or inward scull,FALSE
vertical axis,FALSE
fat-free mass,FALSE
training protocol,FALSE
threshold speed,FALSE
group of rat,FALSE
aerobic period,FALSE
pain level,FALSE
non-dominant arm,FALSE
traditional two-peak backstroke,FALSE
laterality,FALSE
view stroke pattern,FALSE
performance peak,FALSE
swimming race,FALSE
inverse relationship,FALSE
observed asymmetry,FALSE
send-off time,FALSE
lift and drag force,FALSE
maturation,FALSE
preventive measure,FALSE
popular preventive measure,FALSE
rotational effect,FALSE
unbalanced rotational effect,FALSE
performance gain,FALSE
relative swim performance gain,FALSE
intense training,FALSE
athletic environment,FALSE
modern-day backstroker,FALSE
straight pull,FALSE
fibrillation and cardiac health,FALSE
yellow arrow,FALSE
short rest period,FALSE
aerobic metabolic process,FALSE
physiological peak,FALSE
live-high train-low,FALSE
intuitively,FALSE
ergogenic aid,FALSE
terauds,FALSE
short sprint,FALSE
standardized performance score,FALSE
electromyography,FALSE
high training volume,FALSE
quantitative,FALSE
computation,FALSE
buffer capacity,FALSE
muscle buffer capacity,FALSE
period of deceleration,FALSE
alignment of body,FALSE
body alignment,FALSE
aerobic threshold velocity,FALSE
freestyle time,FALSE
postural change,FALSE
butterfly swimming,FALSE
core hypothermia,FALSE
true core hypothermia,FALSE
front of shoulder,FALSE
dominant side,FALSE
model of factor,FALSE
institute of sport,FALSE
optimally,FALSE
early -,FALSE
sample size,FALSE
level swimmer,FALSE
training process,FALSE
technique asymmetry,FALSE
training stimulus,FALSE
confidence interval,FALSE
socio-environmental factor,FALSE
center of mass,FALSE
stroke volume,FALSE
surface of body,FALSE
non-propulsive surface of body,FALSE
subjective well-being,FALSE
hormonal,FALSE
freestyle event,FALSE
50m freestyle event,FALSE
lung volume,FALSE
middle photo,FALSE
middle and right photo,FALSE
responsiveness,FALSE
entire arm,FALSE
physiology of sport and exercise,FALSE
bedingfield,FALSE
fast-twitch,FALSE
peak season,FALSE
solo english channel,FALSE
muscle balance,FALSE
meta-analysis,FALSE
difference be significant,FALSE
youth sport,FALSE
american college of sport medicine,FALSE
participant age,FALSE
phase duration,FALSE
period of rest,FALSE
rest period,FALSE
static stretch,FALSE
scoliosis,FALSE
passive recovery,FALSE
predictor,FALSE
volume of training,FALSE
later-maturing group,FALSE
dolphin-kick,FALSE
american swimmer,FALSE
national-level american swimmer,FALSE
early-maturing swimmer,FALSE
contractile velocity,FALSE
streamline,FALSE
alignment,FALSE
weight training,FALSE
performance result,FALSE
swim bench,FALSE
semi-circular,FALSE
impingement syndrome,FALSE
subacromial impingement syndrome,FALSE
shoulder impingement syndrome,FALSE
fast and slow twitch,FALSE
aim of study,FALSE
severe shingle,FALSE
fina rule,FALSE
current fina rule,FALSE
hand entry,FALSE
emg datum,FALSE
measurement tool,FALSE
shallow catch,FALSE
level of discipline,FALSE
regression,FALSE
error bar,FALSE
intermittent exercise,FALSE
shoulder joint,FALSE
isokinetic,FALSE
laminar,FALSE
science of swimming,FALSE
sea level performance,FALSE
2d method,FALSE
centre of mass,FALSE
training hour,FALSE
nutritional habit,FALSE
proper nutritional habit,FALSE
hypoxic group,FALSE
adequate rest,FALSE
seasonal testing date,FALSE
significant correlation,FALSE
statistical significant correlation,FALSE
fluid flow,FALSE
race distance,FALSE
long repeat,FALSE
training history,FALSE
increment,FALSE
track athlete,FALSE
glide phase,FALSE
informed consent,FALSE
practice time,FALSE
endurance performance,FALSE
secondary en-1 set,FALSE
high-intensive interval training,FALSE
data collection,FALSE
tachycardia,FALSE
hypoxic stimulus,FALSE
low pressure,FALSE
lower-performing,FALSE
qualitative,FALSE
deltoid,FALSE
threshold training,FALSE
fg fiber,FALSE
biomechanical analysis of champion swimmer,FALSE
skilled swimmer,FALSE
resting heart rate,FALSE
increase resistance,FALSE
silvia,FALSE
muscle strength,FALSE
respiratory muscle,FALSE
peak performance,FALSE
descriptive statistic,FALSE
significant main effect,FALSE
primary purpose,FALSE
endurance capacity,FALSE
cycle endurance capacity,FALSE
proper nutrition,FALSE
freestyle relay,FALSE
tethered swim test,FALSE
physical training,FALSE
threshold and vo2max velocity,FALSE
hand path,FALSE
measure of performance,FALSE
performance measure,FALSE
significant decrease,FALSE
aquatics research,FALSE
resistance training,FALSE
cross sectional area,FALSE
bronchial hyperresponsiveness,FALSE
long downsweep,FALSE
fast swimming,FALSE
previous finding,FALSE
shaded,FALSE
sex interaction,FALSE
axis of body,FALSE
longitudinal axis of body,FALSE
trappe,FALSE
online training,FALSE
kjoc score,FALSE
base,FALSE
body posture,FALSE
effect of training load,FALSE
majority of set,FALSE
fog fiber,FALSE
single arm amputee,FALSE
exercise and sport science,FALSE
etiology,FALSE
hiit training,FALSE
performance difference,FALSE
deep catch,FALSE
variant line,FALSE
methacholine challenge,FALSE
analysis of variance,FALSE
standardized relay exchange time training,FALSE
swimming rule,FALSE
eastern zone,FALSE
altitude of 2300m,FALSE
simulated altitude of 2300m,FALSE
performance deficit,FALSE
freestyle swimmer,FALSE
practice content,FALSE
state swimming,FALSE
intense exercise,FALSE
positive rspg,FALSE
fatigability,FALSE
metabolite accumulation,FALSE
muscular contraction,FALSE
faculty of sport,FALSE
postural alignment,FALSE
time swimmer,FALSE
activation theory of stress,FALSE
time point,FALSE
late childhood,FALSE
propulsive force graph,FALSE
coach sample,FALSE
clinic of north america,FALSE
statistical test,FALSE
time difference,FALSE
datum point,FALSE
cardiac output,FALSE
competition result,FALSE
exit of hand,FALSE
higher-performing swimmer,FALSE
straight-line,FALSE
morphological,FALSE
slow-twitch,FALSE
propulsive phase of arm stroke,FALSE
early environmental factor,FALSE
leg kick,FALSE
mode of dissemination,FALSE
great asymmetry,FALSE
sprint athlete,FALSE
sprint race,FALSE
olympic swimmer,FALSE
biol,FALSE
marine animal,FALSE
cumulative mile,FALSE
effort and heart rate,FALSE
future research,FALSE
ramp effect,FALSE
ramp effect of muscle,FALSE
meter race,FALSE
morphology,FALSE
pressure be great,FALSE
strong force,FALSE
wave propulsion,FALSE
cognitive activation theory,FALSE
maximal exercise,FALSE
hydration,FALSE
dynamometer,FALSE
swim team,FALSE
olympic swim team,FALSE
loss of velocity,FALSE
level of swimmer,FALSE
siders,FALSE
physiological capacity,FALSE
technique training,FALSE
biophysical parameter,FALSE
glycogen store,FALSE
muscle glycogen store,FALSE
final stage preparation,FALSE
slow,FALSE
finding of study,FALSE
study finding,FALSE
breathing action,FALSE
katch,FALSE
scapular stabilization,FALSE
push-up,FALSE
function of olympiad,FALSE
train-low,FALSE
rate of energy release,FALSE
recreational swimming background,FALSE
international center,FALSE
medley relay,FALSE
medalist and former world,FALSE
humerus,FALSE
resting length of muscle,FALSE
improvement of vo2max,FALSE
athletic trainer,FALSE
analysis of swimmer,FALSE
positive psychological mechanism,FALSE
mastery-involving climate,FALSE
direct measurement,FALSE
stroke count,FALSE
magnitude of force,FALSE
anaerobic glycolysis,FALSE
body position,FALSE
anaerobic performance,FALSE
capillarization,FALSE
integrative and comparative physiology,FALSE
breathing side,FALSE
preferred breathing side,FALSE
definite preferred breathing side,FALSE
electrolyte,FALSE
achievement goal,FALSE
master thesis,FALSE
unpublished master thesis,FALSE
capacity of fast twitch,FALSE
phys,FALSE
repeated measure,FALSE
adolescent period,FALSE
recovery stress questionnaire,FALSE
immune function,FALSE
senior elite,FALSE
influence of training,FALSE
incidence of af,FALSE
adolescent swimmer,FALSE
work time,FALSE
female backstroker,FALSE
online overuse injury prevention,FALSE
result of experiment,FALSE
50th percentile,FALSE
effect of shape,FALSE
underwater,FALSE
average velocity,FALSE
overhead athlete,FALSE
competitive performance,FALSE
volume training,FALSE
optimization of training volume,FALSE
hyperextension,FALSE
traditional periodization,FALSE
time trial performance,FALSE
effect of force,FALSE
race pace,FALSE
stress load,FALSE
traditional two-peak stroke,FALSE
frequency analysis,FALSE
leg length discrepancy,FALSE
high level swimmer,FALSE
rvo2,FALSE
previous paper,FALSE
portion of time,FALSE
optimal nutrition,FALSE
shampoo arm syndrome,FALSE
bilateral symmetry,FALSE
preferred side,FALSE
high prevalence,FALSE
pb time,FALSE
minimally,FALSE
kind of training,FALSE
latency,FALSE
creatine monohydrate,FALSE
live-high,FALSE
swim distance,FALSE
model of performance improvement,FALSE
stroke choice,FALSE
swimming lesson,FALSE
occlusion,FALSE
geyssant,FALSE
backward component of motion,FALSE
crawl technique,FALSE
sport biomechanic,FALSE
short swim,FALSE
upward motion,FALSE
effect of high-intensity,FALSE
effect of high intensity,FALSE
adipose,FALSE
current research,FALSE
performance variable,FALSE
rest time,FALSE
big rest time,FALSE
training frequency,FALSE
lactate accumulation,FALSE
late teenage year,FALSE
normal population,FALSE
female athlete,FALSE
significant time effect,FALSE
world swimming championship,FALSE
low bmis,FALSE
inadequate recovery,FALSE
competitive athlete,FALSE
subjective vitality,FALSE
model of swimmer,FALSE
week training,FALSE
progressive decrease,FALSE
sport health,FALSE
interpretation of training zone,FALSE
great force,FALSE
pressure differential,FALSE
sprint exercise,FALSE
world-class swimmer,FALSE
collegiate swimming,FALSE
datum collection,FALSE
positive affect,FALSE
large difference,FALSE
underwater stroke,FALSE
level of effort,FALSE
low level of effort,FALSE
lactate transporter,FALSE
calibrator,FALSE
end of downsweep,FALSE
low altitude,FALSE
excess of anaerobic threshold,FALSE
effort increase,FALSE
downsweep final upsweep figure,FALSE
preferred method,FALSE
preferred method of propulsion,FALSE
intermittent hypoxia,FALSE
national-level swim population,FALSE
sport physical therapy,FALSE
swimming relay exchange time,FALSE
structural asymmetry,FALSE
center of mass velocity,FALSE
swimmer with taper,FALSE
distance event,FALSE
soft tissue,FALSE
force production,FALSE
production of strong force,FALSE
hypobaric chamber,FALSE
anthropometrical asymmetry,FALSE
sprint time,FALSE
physical trait,FALSE
adequate inhalation,FALSE
groot,FALSE
competitive distance,FALSE
lactate level,FALSE
mood disturbance,FALSE
physical therapist,FALSE
method section,FALSE
phase of underwater arm,FALSE
portion of stroke,FALSE
long event,FALSE
methyl xanthene,FALSE
age of national-level american,FALSE
age group swimmer,FALSE
long distance runner,FALSE
meter event,FALSE
in-water start,FALSE
effect of hiit,FALSE
recovery-stress,FALSE
automatic tracking,FALSE
acute effect,FALSE
aerobic and anaerobic threshold velocity,FALSE
sea level training,FALSE
journal of applied sport,FALSE
post-intervention time trial,FALSE
energy contribution,FALSE
energy system contribution,FALSE
swimming expert,FALSE
sport nutrition,FALSE
high velocity,FALSE
pain and functional status,FALSE
turbulent water,FALSE
journal of science and medicine,FALSE
ego-involving climate,FALSE
long exchange time,FALSE
physiological change,FALSE
50-meter sprint,FALSE
50-meter freestyle sprint,FALSE
periodized program,FALSE
periodization program,FALSE
independent sample t test,FALSE
laminar flow,FALSE
physical performance,FALSE
early paper,FALSE
natural tendency,FALSE
theorem,FALSE
3d analysis,FALSE
muscle power,FALSE
passive drag,FALSE
supraspinatus tendinopathy,FALSE
swim-volume-induced supraspinatus tendinopathy,FALSE
competing,FALSE
enzyme activity,FALSE
bronchial hyper,FALSE
age of swimmer,FALSE
hibberd,FALSE
plyometric training,FALSE
land training,FALSE
american college of sport,FALSE
swimmer training,FALSE
endurance sport,FALSE
actin,FALSE
effect of body,FALSE
age of participant,FALSE
end of study,FALSE
resistance of water with palm,FALSE
kjoc category,FALSE
type of repeat set,FALSE
event distance,FALSE
prior study,FALSE
mechanical efficiency,FALSE
performance database,FALSE
usa swimming performance database,FALSE
ability of body,FALSE
cytochrome,FALSE
fast swimmer,FALSE
functional status of shoulder,FALSE
traditional training,FALSE
early-maturing girl,FALSE
force output,FALSE
glide phase of start,FALSE
shoulder range,FALSE
creatine phosphate,FALSE
meyers,FALSE
propulsive surface,FALSE
strength deficit,FALSE
performance advantage,FALSE
freestyle time trial,FALSE
25-metre freestyle time trial,FALSE
foot positioning,FALSE
fast and slow twitch muscle,FALSE
purpose of paper,FALSE
body segment,FALSE
minute rest,FALSE
human swimmer,FALSE
mental fortitude,FALSE
biomechanic of swimming,FALSE
unique style,FALSE
favor,FALSE
amount of high-intensity training,FALSE
journal of applied biomechanic,FALSE
fatigue level,FALSE
recovery state,FALSE
fta and ftx muscle,FALSE
biomechanical error,FALSE
freestyle biomechanical error,FALSE
total stroke,FALSE
end of propulsive phase,FALSE
source of energy,FALSE
perf,FALSE
female participant,FALSE
velocity pattern,FALSE
mass velocity pattern,FALSE
average force,FALSE
adaptive change,FALSE
torques,FALSE
dorsal,FALSE
amount of muscle activity,FALSE
- intervention time trial,FALSE
effect of fatigue,FALSE
winter swim period,FALSE
strength and flexibility imbalance,FALSE
finish time,FALSE
polar bear swimmer,FALSE
muscle metabolism,FALSE
competitive event,FALSE
red zone,FALSE
amount of high-intensity,FALSE
middle adolescence,FALSE
pre-intervention time trial,FALSE
video image,FALSE
unilateral,FALSE
socio-environmental,FALSE
vertical,FALSE
swim,FALSE
heart rate,FALSE
heart rate variability,FALSE
baseline asca training,FALSE
online module,FALSE
relationship of stroke asymmetry,FALSE
graph of martin zubero,FALSE
rotator cuff,FALSE
kyphosis and lumbar alignment,FALSE
training season,FALSE
pull be strong,FALSE
swimming skill,FALSE
7th cervical vertebra,FALSE
experimental group,FALSE
magnitude of lumbar lordosis,FALSE
density of water,FALSE
altitude acclimatization,FALSE
measurement of force and power,FALSE
promotion & human performance,FALSE
ppss,FALSE
functional asymmetry,FALSE
performance parameter,FALSE
final section,FALSE
shoulder-adducting,FALSE
vertical plane,FALSE
youth swimming,FALSE
physical medicine,FALSE
load cell,FALSE
graph and stroke pattern,FALSE
usoc sport science,FALSE
characteristic of technique,FALSE
asymmetrical characteristic of technique,FALSE
average weekly meter,FALSE
day post exposure,FALSE
pain be chronic,FALSE
successful athlete,FALSE
period of intensity,FALSE
intensity period,FALSE
program of periodization,FALSE
traditional program of periodization,FALSE
dependent measure,FALSE
favorable,FALSE
hum kinet,FALSE
asca module,FALSE
actual path,FALSE
7-point,FALSE
datum with knowledge,FALSE
bicycle ergometer,FALSE
block periodization,FALSE
muscular development,FALSE
educational training,FALSE
pull of weak side,FALSE
warm-up procedure,FALSE
eastern zone of usa swimming,FALSE
scientific limited publication,FALSE
physiological adaptation,FALSE
additional physiological adaptation,FALSE
primary en-1 set,FALSE
unintended consequence,FALSE
week period,FALSE
stroke drill,FALSE
line of action of force,FALSE
backstroke pull,FALSE
mental imagery,FALSE
asca certification level,FALSE
st and fta fiber,FALSE
human muscle force-velocity relationship,FALSE
derose,FALSE
short set,FALSE
asymmetric,FALSE
muscle function,FALSE
significant olympiad,FALSE
significant two-way olympiad,FALSE
neuromuscular disease,FALSE
leg be dense,FALSE
zigzag pattern,FALSE
swim strategy,FALSE
style of breaststroke,FALSE
strength and power activity,FALSE
additional study,FALSE
comparison of lumbar lordosis,FALSE
swimmer be equal,FALSE
open sport,FALSE
law of motion,FALSE
photo of martin zubero,FALSE
population of swimmer,FALSE
finish place,FALSE
swimming-based,FALSE
youth athlete,FALSE
positon,FALSE
land be good,FALSE
process of fast twitch,FALSE
core of model,FALSE
functional activity,FALSE
mastery climate,FALSE
effect of force symmetry,FALSE
employment physical,FALSE
- and later-maturing group,FALSE
zigzag movement,FALSE
shoulder extension,FALSE
adaptive response,FALSE
entire season,FALSE
middle and right hand photo,FALSE
effect relationship,FALSE
group of competitive swimmer,FALSE
stroke be asymmetrical,FALSE
water action,FALSE
performance test,FALSE
large lung,FALSE
stress questionnaire,FALSE
percentage of fast twitch,FALSE
coach marsh,FALSE
high volume training,FALSE
pre-event,FALSE
athletic career,FALSE
hydrodynamic force coefficient,FALSE
postural form,FALSE
average exchange time,FALSE
block facility,FALSE
faculty of sport science,FALSE
great number of coach,FALSE
function of olympiad and sex,FALSE
limited time,FALSE
muscle be short,FALSE
re-evaluation of force,FALSE
lumbar lordosis alteration,FALSE
range of stroke length,FALSE
recovery period,FALSE
training and taper period,FALSE
straight arm,FALSE
semi-circular sweep,FALSE
maximal velocity,FALSE
arm pull,FALSE
forearm and upper arm,FALSE
science & technology committee,FALSE
absolute thoracic kyphosis,FALSE
substantial protection,FALSE
season be consistent,FALSE
starting variant,FALSE
nybo,FALSE
scientific approach,FALSE
photo of figure,FALSE
freestyle sprint,FALSE
rmsea,FALSE
imbalance be unique,FALSE
moderate speed,FALSE
final propulsive phase,FALSE
dietary intake,FALSE
surface area,FALSE
kinanthropometry,FALSE
elevated,FALSE
concept of training,FALSE
breaststroke kick,FALSE
naemi,FALSE
combination of experience,FALSE
study design,FALSE
arm coordination symmetry,FALSE
sensory,FALSE
non-breathing cycle,FALSE
preliminary investigation,FALSE
conception of ability,FALSE
goal setting,FALSE
malm√∂,FALSE
well-trained athlete,FALSE
skinfold,FALSE
form resistance,FALSE
nutrition plan,FALSE
nutritional plan,FALSE
portion of stroke pattern,FALSE
sport administrator,FALSE
actual preparation strategy,FALSE
phenomenon be unclear,FALSE
variant distribution,FALSE
evidence-based recommendation,FALSE
angular acceleration,FALSE
force variation,FALSE
seasonal hand force variation,FALSE
endurance of fast twitch,FALSE
explanation be true,FALSE
height and body mass,FALSE
finding be consistent,FALSE
sfps questionnaire,FALSE
maximum velocity,FALSE
low level of asca training,FALSE
stroke-cycles,FALSE
traditional upsweep,FALSE
season be beneficial,FALSE
3d method,FALSE
physiological rationale,FALSE
swimmer be unable,FALSE
out-placed team,FALSE
metabolic adaptation,FALSE
change be great,FALSE
out-placing,FALSE
range of stroke rate,FALSE
diaphragm,FALSE
acceleration of centre of mass,FALSE
usa swimming site,FALSE
training yardage,FALSE
team with average exchange,FALSE
early adulthood,FALSE
sprint test,FALSE
muscle group,FALSE
elite master runner,FALSE
breathing pattern,FALSE
fast twitch motor unit,FALSE
performance and psychological variable,FALSE
evaluation of performance,FALSE
clinical inspection,FALSE
school of health promotion,FALSE
great increase,FALSE
race performance,FALSE
traditional two-peak backstroke swimmer,FALSE
potential of hand and forearm,FALSE
repeat speed,FALSE
phase of start and turn,FALSE
scoliosis of spine,FALSE
limitation of study,FALSE
facet of training process,FALSE
etiology of asymmetry,FALSE
improvement be evident,FALSE
length with rest period,FALSE
great progress,FALSE
effect of moderate-intensity endurance,FALSE
journal of medicine and science,FALSE
grand fork,FALSE
top swimmer,FALSE
postural asymmetry,FALSE
physiological response,FALSE
short final upsweep,FALSE
swim-efficiency index,FALSE
aforementioned component,FALSE
flow and increase resistance,FALSE
non-preferred side,FALSE
group and competition level,FALSE
muscle soreness,FALSE
periodic hand force testing,FALSE
biceps muscle,FALSE
front crawl technique,FALSE
high level of competition,FALSE
visual and graphic datum,FALSE
general question,FALSE
incidence of joint pain,FALSE
adequate quantity,FALSE
stroke-cycle,FALSE
sweep of arm,FALSE
team with short exchange,FALSE
rule and block configuration,FALSE
group and competitive level,FALSE
lasting joint pain,FALSE
youtube video,FALSE
body landmark,FALSE
glide factor,FALSE
short video,FALSE
present time swimmer,FALSE
high-intensity repeat,FALSE
racing strategy,FALSE
winning time,FALSE
early relay exchange,FALSE
male and female backstroke swimmer,FALSE
physiological variable,FALSE
psychological and physiological variable,FALSE
swimmer be effective,FALSE
scientific sport,FALSE
stress biomarkers,FALSE
oxidative stress biomarkers,FALSE
shape be abundant,FALSE
significant interaction,FALSE
individual athlete,FALSE
free swimming,FALSE
camera view obstruction,FALSE
symmetrical stroke,FALSE
result of current study,FALSE
form drag,FALSE
anthropometry,FALSE
emg signal,FALSE
athletic activity,FALSE
training with substantial workload,FALSE
normative ability,FALSE
palpation,FALSE
knowledge of actual preparation,FALSE
international journal of sport biomechanic,FALSE
tennodai,FALSE
lumbar disorder,FALSE
period of fatigue,FALSE
holder and olympic champion,FALSE
performance record,FALSE
swim belt,FALSE
side be great,FALSE
barthels,FALSE
aquanex protocol,FALSE
critical speed,FALSE
parental criticism,FALSE
abduction and external rotation,FALSE
straight-line pull,FALSE
butterfly stroke,FALSE
hand angle of attack,FALSE
small sample size,FALSE
vo2max speed,FALSE
companion article,FALSE
possibility of team,FALSE
body temperature,FALSE
supine position,FALSE
side preference,FALSE
insweep be propulsive,FALSE
timing of ingestion,FALSE
recovery phase,FALSE
understanding of stroke mechanic,FALSE
twitch and slow twitch,FALSE
doctoral dissertation,FALSE
great hand velocity,FALSE
week program,FALSE
structural damage,FALSE
sagittal plane,FALSE
competitive swimming relay performance result,FALSE
random error,FALSE
joint lever system,FALSE
effective taper,FALSE
national caliber swimmer,FALSE
rest and recovery time,FALSE
muscle contraction,FALSE
bangsbo,FALSE
forward propulsion,FALSE
goal of training,FALSE
fast-twitch fiber,FALSE
state university po box,FALSE
pitfall of training,FALSE
optimal result,FALSE
shoulder strength,FALSE
age of competitor,FALSE
evaluation of athlete,FALSE
high force,FALSE
interesting finding,FALSE
high average velocity,FALSE
elite-level female swimmer,FALSE
aforementioned variable,FALSE
exercise metabolism,FALSE
sinking leg,FALSE
56-year-old man,FALSE
daily activity,FALSE
level 1b,FALSE
ventral,FALSE
output and hydrodynamic force,FALSE
haematological,FALSE
information be beneficial,FALSE
7th place,FALSE
movement of hand,FALSE
zigzag movement of hand,FALSE
email,FALSE
rate of metabolite accumulation,FALSE
curnow,FALSE
model of periodization,FALSE
periodization model,FALSE
effect of injury,FALSE
ability of swimmer,FALSE
great quantity,FALSE
effect be considerable,FALSE
actual swimming,FALSE
warm-up routine,FALSE
velocity graph of martin,FALSE
large portion,FALSE
electrode be free,FALSE
sense of accomplishment,FALSE
intention of article,FALSE
ninety-six coach,FALSE
discrepancy be great,FALSE
university of incarnate word,FALSE
training be essential,FALSE
unsteady flow,FALSE
datum analysis,FALSE
hand move,FALSE
unchanging,FALSE
quantity of moderate -,FALSE
wetsuits,FALSE
high stroke rate,FALSE
hierarchical linear regression,FALSE
arcadia university,FALSE
forward speed,FALSE
primary source,FALSE
team with long exchange,FALSE
specific swimmer,FALSE
curvy pull pattern,FALSE
long-distance workout,FALSE
cycle ergometer,FALSE
hip roll change,FALSE
hand position,FALSE
incorrect hand position,FALSE
swimmer be due,FALSE
training swimmer,FALSE
visual analog scale,FALSE
potential risk factor,FALSE
later-maturing swimmer,FALSE
identically,FALSE
liverpool john,FALSE
swim area,FALSE
forward movement,FALSE
biochemical adaptation,FALSE
intense sprint,FALSE
analysis of propulsive potential,FALSE
rodeo,FALSE
low-intensity swimming,FALSE
dynamical asymmetry,FALSE
freestyle stroke,FALSE
shoulder be noticeable,FALSE
result of correlation analysis,FALSE
front and side view,FALSE
total mood disturbance,FALSE
extreme right of figure,FALSE
stress-recovery,FALSE
demand of activity,FALSE
stroke biomechanic,FALSE
mechanical power output,FALSE
institutional review board,FALSE
fvc1,FALSE
aerobically,FALSE
preferential,FALSE
fatigue be normal,FALSE
computation of lift and drag force,FALSE
equivalent strengthening,FALSE
sport drink,FALSE
hyperextension of low back,FALSE
delayed menarche,FALSE
extension and internal rotation,FALSE
surface drag,FALSE
intra-stroke velocity fluctuation,FALSE
high training load,FALSE
muscular strain,FALSE
functional push-up test,FALSE
hand-path,FALSE
time of sample,FALSE
prescribed,FALSE
day-of-competition practice,FALSE
study be voluntary,FALSE
written consent,FALSE
recovery be symmetrical,FALSE
safdar,FALSE
hypothesis be correct,FALSE
exchange time of team,FALSE
strength imbalance,FALSE
increase of lordosis,FALSE
wilkin,FALSE
frequency of preventive measure,FALSE
muscle mitochondrion,FALSE
skeletal muscle mitochondrion,FALSE
balanced approach,FALSE
high competitive level,FALSE
propulsive potential of hand,FALSE
variant,FALSE
forearm,FALSE
front crawl stroke,FALSE
normoxic group,FALSE
federation internationale,FALSE
official stroke,FALSE
exercise training,FALSE
subscales,FALSE
glenohumeral,FALSE
plyometric,FALSE
interactive effect,FALSE
male backstroke,FALSE
male and female backstroke,FALSE
rp group,FALSE
fluid dynamic analysis,FALSE
paediatrics,FALSE
shoulder and hip roll,FALSE
winter swimming,FALSE
antero-posterior,FALSE
recovery-stress state,FALSE
quality of sleep,FALSE
american swim,FALSE
multidisciplinary,FALSE
baseline,FALSE
previous pb,FALSE
landmark point,FALSE
figure 1b,FALSE
sprint interval training increase,FALSE
arm syndrome,FALSE
febbraio,FALSE
simultaneous,FALSE
important improvement,FALSE
head lift,FALSE
pattern and forward velocity,FALSE
test protocol,FALSE
pushup,FALSE
correlation coefficient,FALSE
freshman,FALSE
duration and bilateral asymmetry,FALSE
similar initial adaptation,FALSE
long warm-up,FALSE
motivation and subjective well-being,FALSE
main competition,FALSE
potential and cycle endurance,FALSE
sprint event,FALSE
excessive training,FALSE
kinetic,FALSE
anaerobic metabolic function,FALSE
group of swimmer,FALSE
energy cost,FALSE
individual exchange time,FALSE
symmetry index,FALSE
near-maximum speed,FALSE
effect of change,FALSE
physical skill,FALSE
performance group,FALSE
age category,FALSE
muscle physiology,FALSE
leg extension,FALSE
lactate transport study,FALSE
bone and joint surgery,FALSE
acta,FALSE
terrestrial,FALSE
total volume,FALSE
arm and leg positioning,FALSE
deep phase,FALSE
lesson plan,FALSE
year of competitive swimming,FALSE
elbow flexor,FALSE
biology of physical activity,FALSE
dynamics analysis of swimmer,FALSE
proietto,FALSE
segment of race,FALSE
physiological and psychological recovery,FALSE
organization of bp and rp,FALSE
rotation of body,FALSE
sub-threshold training,FALSE
in-person training,FALSE
polar bear challenge event,FALSE
work intensity,FALSE
day-of-competition strategy,FALSE
high pps,FALSE
gleeson,FALSE
resultant and propulsive hand force,FALSE
shoulder flexion,FALSE
accuracy of estimate,FALSE
near-maximal,FALSE
pain-free swimming,FALSE
density of fast twitch,FALSE
50m sprint,FALSE
medicine and rehabilitation clinic,FALSE
training with series,FALSE
accuracy of recall,FALSE
vastus lateralis,FALSE
role of taper,FALSE
large muscle,FALSE
sectional area of body,FALSE
short send-off time,FALSE
length of body,FALSE
swimming ix,FALSE
olecranon,FALSE
muscle cell,FALSE
influence of exercise intensity,FALSE
perception of pain,FALSE
muscle ph,FALSE
hard training regime,FALSE
olympic history,FALSE
effect of taper,FALSE
propulsive component of swimming stroke,FALSE
type of stroke,FALSE
adipose tissue,FALSE
bodily technique,FALSE
competitive career,FALSE
st counterpart,FALSE
sprint swim,FALSE
average swimmer,FALSE
spinal angle,FALSE
youth baseball,FALSE
popular approach,FALSE
fluid force,FALSE
significance level,FALSE
swimming championship,FALSE
threshold concept of training,FALSE
session of sprint interval training,FALSE
human subject,FALSE
biomechanical study,FALSE
- and moderate-intensity training,FALSE
purpose of review,FALSE
high upper body action,FALSE
high or low intensity,FALSE
underwater distance,FALSE
shoulder impingement,FALSE
commonality,FALSE
replicators,FALSE
freestyle and butterfly swimmer,FALSE
nrem,FALSE
performance history,FALSE
count or stroke rate,FALSE
heavy chain myosin,FALSE
borderline high,FALSE
effective warm-up,FALSE
program of sprinter,FALSE
sport context,FALSE
interval versus traditional endurance,FALSE
affected arm,FALSE
coaching sample,FALSE
presence of angiogenic factor,FALSE
major finding,FALSE
cardiac tissue,FALSE
perceptual,FALSE
libre,FALSE
pre-olympic pb,FALSE
time-trial performance,FALSE
demographic,FALSE
energy supply,FALSE
front crawl swimmer,FALSE
- level female swimmer,FALSE
bmc musculoskeletal disorder,FALSE
vigor,FALSE
english channel attempt,FALSE
effect of warm-up,FALSE
effect of ss warm-up,FALSE
triathletes,FALSE
aquatic power performance,FALSE
imbalance ratio,FALSE
force and swimming velocity,FALSE
sophisticated equipment,FALSE
physiological resource,FALSE
seasonal variation,FALSE
skin and scuba diving,FALSE
professional baseball pitcher,FALSE
energy production,FALSE
influence of sprint training,FALSE
viscous,FALSE
asthmatic swimmer,FALSE
intense hyperventilation,FALSE
negative side,FALSE
drag coefficient,FALSE
good possibility,FALSE
motor asymmetry,FALSE
aerobic speed,FALSE
annals of human biology,FALSE
postnatal development,FALSE
additional benefit,FALSE
month season,FALSE
butterfly lc,FALSE
situational,FALSE
push-off,FALSE
drag and lift force,FALSE
increase speed,FALSE
butterfly sc,FALSE
long repeat distance,FALSE
online questionnaire,FALSE
scapular upward rotation,FALSE
long-term athlete development,FALSE
biomechanical principle,FALSE
non-contracted,FALSE
combined effect,FALSE
age of gold-medal -,FALSE
total lung capacity,FALSE
super-threshold,FALSE
backstroke sc,FALSE
10th week,FALSE
human physiology,FALSE
good validity,FALSE
capacity and lactate tolerance,FALSE
arm coordination,FALSE
high elbow recovery,FALSE
speed of swimmer,FALSE
underwater video,FALSE
chance of taper force,FALSE
specific relative swimming performance gain,FALSE
physical examination,FALSE
repeated cold exposure,FALSE
proper intensity,FALSE
sulcus,FALSE
period of reduction,FALSE
slow-twitch fiber,FALSE
core temperature,FALSE
standard error,FALSE
motor performance,FALSE
injury prevention measure,FALSE
beginning of program,FALSE
altitude level,FALSE
emg activity,FALSE
stability of lumbar spine,FALSE
difference be large,FALSE
backstroke swimming,FALSE
disability of arm,FALSE
group training,FALSE
finish placings,FALSE
race be large,FALSE
optimal distance,FALSE
college swimming,FALSE
main weakness,FALSE
scapular dyskinesis,FALSE
ricardo,FALSE
graph,FALSE
additional oxygen,FALSE
hand questionnaire,FALSE
hand paddle,FALSE
aim of research,FALSE
endocrinology,FALSE
personal good performance,FALSE
immunosuppression,FALSE
session rpe,FALSE
individual sport,FALSE
reaction torque,FALSE
water be crucial,FALSE
muscle and exercise performance,FALSE
oscillation,FALSE
surface electromyography,FALSE
arm photo,FALSE
stroke-type,FALSE
olympic athlete,FALSE
top-performing swimmer,FALSE
upper and low limb positioning,FALSE
cerin,FALSE
effect of muscle fiber recruitment,FALSE
30-second sprint,FALSE
force-time profile,FALSE
bruxelles,FALSE
individual swimming event,FALSE
alignment datum,FALSE
injury pattern,FALSE
englewood cliff,FALSE
vertical position,FALSE
2d video approach,FALSE
american swim coach association,FALSE
american swimming coach association,FALSE
workout load,FALSE
arm elevation,FALSE
200-m front crawl swimming,FALSE
physiological benefit,FALSE
angle and lumbar lordosis,FALSE
recovery and active recovery,FALSE
pattern of skilled butterfly,FALSE
muscle fiber structure,FALSE
hypothermia and cold incapacitation,FALSE
srmr,FALSE
anatomical landmark,FALSE
human propulsion,FALSE
in-person clinic,FALSE
physiology and occupational physiology,FALSE
general guideline,FALSE
short and middle distance,FALSE
additional purpose,FALSE
personal improvement,FALSE
month of life,FALSE
oxidative potential,FALSE
valid and reliable tool,FALSE
swimmer be fast,FALSE
color zone,FALSE
case of tendonitis,FALSE
maturational event,FALSE
torney-chollet,FALSE
energy expenditure,FALSE
shoulder syndrome,FALSE
figueiredo,FALSE
training response,FALSE
sport science laboratory,FALSE
total exchange time,FALSE
ergonomics,FALSE
growth spurt,FALSE
state swimming press,FALSE
seasonal testing date female,FALSE
national-level swimmer,FALSE
recommended training,FALSE
reinboth,FALSE
leg preference,FALSE
incapacitation and swim failure,FALSE
t-test,FALSE
forward motion,FALSE
elite group,FALSE
senior elite group,FALSE
categorical variable,FALSE
arm action,FALSE
combination with beta-2 agonist,FALSE
prestes,FALSE
periodization training,FALSE
blood lactate post,FALSE
great stroke length,FALSE
length of pool,FALSE
sport dietitian,FALSE
olympic report,FALSE
quantitative datum,FALSE
magnitude of difference,FALSE
glenohumeral instability,FALSE
shoulder motion,FALSE
british journal of sport medicine,FALSE
college of sport medicine position,FALSE
practical implication,FALSE
chaudhury,FALSE
bilateral arm power,FALSE
importance of psychological skill,FALSE
three-dimensional analysis,FALSE
shape asymmetry,FALSE
coaching practice,FALSE
anthropometric measure,FALSE
proceeding of xix,FALSE
traditional program,FALSE
mild discomfort,FALSE
realization,FALSE
observable,FALSE
short-term sprint interval,FALSE
firm conclusion,FALSE
pool swimmer,FALSE
hydrofoil,FALSE
muscle mechanic,FALSE
phelps,FALSE
effect of critical speed,FALSE
maximum speed,FALSE
psychoneuroendocrinology,FALSE
university institutional review board,FALSE
sport medicine position stand,FALSE
jeukendrup,FALSE
front-crawl swimming,FALSE
metabolic fatigue,FALSE
kame,FALSE
alteration of lumbar lordosis,FALSE
time magazine preview,FALSE
end of tenth rib,FALSE
arm movement,FALSE
movement and use of arm,FALSE
water stunt,FALSE
human arm model,FALSE
female shape,FALSE
apprehension test,FALSE
brown fat,FALSE
exposure plus sea level,FALSE
comparative analysis,FALSE
asymmetry be common,FALSE
motion of body,FALSE
triathlon,FALSE
swim-time,FALSE
semi-circle,FALSE
amount of low intensity,FALSE
upper trapezius,FALSE
photo of kosuke kitajima,FALSE
200m butterfly,FALSE
series of short sprint,FALSE
development and validation of battery,FALSE
ss condition,FALSE
200m backstroke,FALSE
power performance activity,FALSE
2sportscotland sport institute,FALSE
resistance exercise,FALSE
phosphocreatine,FALSE
contractile unit,FALSE
repeated measure anova,FALSE
great utilization,FALSE
pattern be evident,FALSE
backstroke catch,FALSE
athens olympic,FALSE
recovery zone,FALSE
pelvic,FALSE
contractile force,FALSE
role of lift,FALSE
good streamlining,FALSE
professional baseball player,FALSE
weekly practice,FALSE
collegiate season,FALSE
current datum,FALSE
average improvement,FALSE
experimental effect,FALSE
repeated exposure,FALSE
clinically relevant information,FALSE
percent improvement,FALSE
intensity of work,FALSE
twenty-four elite competitive swimmer,FALSE
joint structure,FALSE
combined force,FALSE
bilateral breathing,FALSE
punitive technical instruction,FALSE
large lung volume,FALSE
movement of swimmer,FALSE
ultra-short sprint,FALSE
backward-facing position,FALSE
snorkel,FALSE
strong effect,FALSE
anaerobic metabolic process,FALSE
olympic year,FALSE
collegiate swimming sample,FALSE
velocity of swimmer,FALSE
evh test,FALSE
post-collegiate swimming,FALSE
amount of training,FALSE
blood lactate level,FALSE
local condition,FALSE
performance decrement,FALSE
variable large group,FALSE
high-intensity exercise,FALSE
time swimming,FALSE
in-water warm-up,FALSE
position statement,FALSE
unpublished manuscript,FALSE
counter,FALSE
pulmonary ventilation,FALSE
pool of muscle fiber,FALSE
meter swimming,FALSE
significant gain,FALSE
series of psychological questionnaire,FALSE
periodization of training,FALSE
force of lift and drag,FALSE
large force,FALSE
alpha level,FALSE
percent of coach,FALSE
sport medicine committee,FALSE
25m repeat,FALSE
dolphin-kicking,FALSE
average time,FALSE
purpose of research,FALSE
computation fluid,FALSE
group comparison,FALSE
relay team exchange time,FALSE
good estimate,FALSE
successful swimmer,FALSE
primary focus,FALSE
suggested,FALSE
intense effort,FALSE
full extension,FALSE
recovery scale,FALSE
karine,FALSE
data analysis,FALSE
self-reported height,FALSE
comprehensive warm-up,FALSE
relative amount,FALSE
late menarche,FALSE
hydrogen ion,FALSE
scandinavian journal of medicine,FALSE
lane bias,FALSE
novice competitor,FALSE
electromyogr kinesiol,FALSE
neighborhood,FALSE
competitive period,FALSE
swimmer peak,FALSE
800m freestyle,FALSE
sufficient recovery,FALSE
200m breaststroke,FALSE
ecological validity,FALSE
time shift,FALSE
meter time,FALSE
total stress load,FALSE
computational fluid dynamics analysis,FALSE
3d analysis technique,FALSE
co-worker,FALSE
terrestrial mammal,FALSE
component of warm-up,FALSE
world championship athlete,FALSE
ventricular remodeling,FALSE
3-month winter period,FALSE
important outcome,FALSE
self-talk,FALSE
shoulder laxity,FALSE
recovery level,FALSE
successfulness,FALSE
reaction effect,FALSE
longitudinal study,FALSE
upper limb muscle,FALSE
intense demand of competition,FALSE
cassettari-wayhs,FALSE
analysis of age,FALSE
publically,FALSE
physiological perspective,FALSE
burgonmaster,FALSE
solid line,FALSE
non-athletes,FALSE
hydrodynamic analysis,FALSE
result of tethered swimming,FALSE
rehabilitation program,FALSE
three-dimensional spatial hand pattern,FALSE
lactate removal mechanism,FALSE
fast rate of energy release,FALSE
individual pool,FALSE
increase oxygen consumption,FALSE
50m repeat,FALSE
prolonged stress,FALSE
arm and hand acceleration,FALSE
major purpose of paper,FALSE
spinal deformity,FALSE
lift effect,FALSE
hydrodynamic drag,FALSE
severe disability,FALSE
2d analysis,FALSE
increase of myoglobin,FALSE
sweep final upsweep figure,FALSE
characteristic of st,FALSE
acclimatization process,FALSE
order of muscle fiber recruitment,FALSE
journal of bone,FALSE
stopwatch,FALSE
traditional endurance-training group,FALSE
similar type,FALSE
identical program of training reduction,FALSE
wibrand,FALSE
short-term success,FALSE
swim aid,FALSE
result of shoulder angle,FALSE
downward force,FALSE
glide efficiency,FALSE
mood state,FALSE
category of training,FALSE
main finding,FALSE
laterally,FALSE
stroke frequency,FALSE
horizontal position,FALSE
horizontal straight position,FALSE
abdominal internal pressure,FALSE
normal bmi,FALSE
raha,FALSE
valuable tool,FALSE
sport devaluation,FALSE
total recovery-stress state,FALSE
small difference,FALSE
conductance,FALSE
considerable variability,FALSE
aerobic enzyme,FALSE
talent development,FALSE
percentage of maximum load,FALSE
glycogen recovery,FALSE
potential performance,FALSE
shoulder movement,FALSE
shapiro-wilk test,FALSE
training technique,FALSE
release of energy,FALSE
basic swimming,FALSE
width of recovery,FALSE
tourney-chollet,FALSE
hand pressure,FALSE
cross country skier,FALSE
sense of competence,FALSE
muscle lactate,FALSE
neurophysiology,FALSE
level of significance,FALSE
present result,FALSE
oceanic and atmospheric administration,FALSE
water swimming,FALSE
swimming program,FALSE
large amount of sub-threshold,FALSE
level be high,FALSE
race analysis,FALSE
traditional assumption,FALSE
coronary artery,FALSE
simplicity of sfps,FALSE
technique drill,FALSE
official result,FALSE
total time,FALSE
tibone,FALSE
great percentage,FALSE
medicine science sport,FALSE
hypoxic condition,FALSE
ventilatory capacity,FALSE
paradigm,FALSE
lewillie,FALSE
total number of stroke,FALSE
oxidation,FALSE
int j sport nutr,FALSE
champaign il,FALSE
moderate effort,FALSE
sarcolemmal giant vesicle,FALSE
dynamic lift,FALSE
part ii of paper,FALSE
pressure of water,FALSE
water pressure,FALSE
observer reliability,FALSE
maturity status,FALSE
participation record,FALSE
individual variability,FALSE
asymmetry and muscle imbalance,FALSE
dysfunction,FALSE
swimmer performance,FALSE
underwater arm stroke motion,FALSE
resistance vessel,FALSE
force generation,FALSE
cardiac problem,FALSE
long jumper,FALSE
photo of zubero,FALSE
national-level female swim population,FALSE
lower-performing swimmer,FALSE
image analysis,FALSE
endurance benefit,FALSE
anaerobic metabolic system,FALSE
anterior tip of acromion,FALSE
breaststroke swimming,FALSE
elite backstroke,FALSE
intensity interval,FALSE
respiratory,FALSE
endurance,FALSE
collegiate athlete,FALSE
overtraining syndrome,FALSE
sprinter and middle distance,FALSE
fat percentage,FALSE
peak power,FALSE
olympic competition,FALSE
rate of improvement,FALSE
physiologic,FALSE
post-testing,FALSE
gonz√°lez-rav√©,FALSE
multidisciplinary approach,FALSE
pre-training,FALSE
short-course,FALSE
american swimming,FALSE
100m crawl,FALSE
cold-water swimmer,FALSE
effect of moderate-intensity,FALSE
glycolytic,FALSE
hassm√©n,FALSE
propulsive effect,FALSE
breastroke,FALSE
henrich,FALSE
high-volume training,FALSE
diastolic volume,FALSE
companion piece,FALSE
cold-water swimming,FALSE
national-level female swim,FALSE
time trial,FALSE
left arm,FALSE
stress-recovery state,FALSE
upper body,FALSE
fta and ftx fiber,FALSE
reference point,FALSE
paddle,FALSE
world-class backstroker,FALSE
swimmer be grateful,FALSE
gold medal winner,FALSE
child with cerebral palsy,FALSE
muscle of deltoid and supraspinatus,FALSE
master athlete,FALSE
elite-level performer,FALSE
san antonio texas,FALSE
habituation,FALSE
altitude camp,FALSE
alignment of spine and body,FALSE
bone growth,FALSE
quality of physical training,FALSE
red cone,FALSE
essential reference,FALSE
standard protocol,FALSE
continuous or short rest swimming,FALSE
finishing stroke,FALSE
crepitus,FALSE
spinal musculoskeletal injury,FALSE
portion of final upsweep,FALSE
acceptable performance,FALSE
levator scapula muscle,FALSE
optimal streamlined alignment,FALSE
polar bear award,FALSE
palapation,FALSE
style of coach,FALSE
psychological tool,FALSE
measurement of swimmer,FALSE
repetition of exercise,FALSE
aquatic environment,FALSE
stress of lumbar segment,FALSE
careful monitoring,FALSE
faculty of health and life science,FALSE
preventative approach,FALSE
rate with noticeable decrease,FALSE
muscle fiber contractile property,FALSE
beginning of cycle preparation,FALSE
baxter-jones,FALSE
backstroke semi-final,FALSE
slow velocity,FALSE
resistance propulsion shape posture flexibility,FALSE
block training system,FALSE
high reliability,FALSE
participant be unable,FALSE
series of photo,FALSE
recent technological advance,FALSE
visual inspection,FALSE
equal amount,FALSE
repeat with adequate recovery,FALSE
beginning of pull,FALSE
polar bear swim champion,FALSE
appointed realization,FALSE
female be advantageous,FALSE
symmetry of activity,FALSE
- and post-intervention time,FALSE
annual polar bear challenge,FALSE
water with underside,FALSE
outreach,FALSE
start line,FALSE
vo2maz,FALSE
distribution of volume and intensity,FALSE
characteristic of polar bear,FALSE
placebo exposure,FALSE
water with three-peak stroke,FALSE
general suggestion,FALSE
entire length,FALSE
significant loss of stroke length,FALSE
characteristically different exchange time,FALSE
short course world champion freestyle,FALSE
individual training exchange time,FALSE
nagle1,FALSE
injury and joint pain,FALSE
duration of application,FALSE
streamlined shape,FALSE
challenge of san francisco,FALSE
sample procedure,FALSE
increasingly popular approach,FALSE
training of muscle,FALSE
position of limb and joint,FALSE
asymmetrical muscle tightness,FALSE
ladder design,FALSE
battery of test,FALSE
frequency of training and training session,FALSE
bacon and carl petersen,FALSE
largely horizontal direction,FALSE
period of denial,FALSE
team be fast,FALSE
disqualification of team,FALSE
canepari,FALSE
foot electrode,FALSE
activation and antagonist muscle,FALSE
high elbow position,FALSE
loading be great,FALSE
intensity group,FALSE
empirical datum,FALSE
lateralisation,FALSE
psychosocial outcome,FALSE
prescribed activity,FALSE
platform of first lane,FALSE
major effect of training,FALSE
polar bear challenge swimming event,FALSE
high trunk action,FALSE
resistance shape most source,FALSE
5th place,FALSE
dolphin-kick group,FALSE
experimental procedure,FALSE
effective dry-land,FALSE
x-ray beam,FALSE
initiation of training,FALSE
whitehead2,FALSE
quart,FALSE
drag vector,FALSE
scope of work,FALSE
swimmer with biomechanical evidence,FALSE
support of customized suit,FALSE
significant number of fta fiber,FALSE
content of emg signal change,FALSE
secondary developmental effect,FALSE
breaststroke event,FALSE
specialized training,FALSE
minimum training,FALSE
standard test protocol,FALSE
human shoulder muscle,FALSE
variable be indicative,FALSE
high - volume,FALSE
4th week,FALSE
attitude and perception of coach,FALSE
psychological measurement,FALSE
combination of science and art,FALSE
lane of pool,FALSE
severity of shoulder pain,FALSE
large paddle,FALSE
critical consideration,FALSE
fish-like,FALSE
cord with increase of agonist,FALSE
asymmetry and swimming performance,FALSE
depressed group,FALSE
measure of aerobic threshold,FALSE
duration of phase of stroke,FALSE
strong influence,FALSE
angle elbow,FALSE
short period of rest,FALSE
adaptation rod havriluk swimming technology,FALSE
metabolite of anaerobic metabolism,FALSE
good prevention,FALSE
preadolescents,FALSE
surgical candidate,FALSE
level of control,FALSE
kinematic parameter,FALSE
intention of study,FALSE
acceleration of forward velocity,FALSE
haematological change,FALSE
baseball pitching,FALSE
pankey,FALSE
detailed analysis of body,FALSE
preliminary heat,FALSE
finding be similar,FALSE
adaptive step -,FALSE
usa ncaa championship,FALSE
interval be december,FALSE
cinqui√®me,FALSE
streamlined body,FALSE
concurrence of theory,FALSE
feeling of energy,FALSE
fifty-eight usa swimming age group,FALSE
increase turbulence of volume,FALSE
start of warm-up,FALSE
surface of object,FALSE
vo2peak,FALSE
strong relationship,FALSE
important training adaptation,FALSE
practical perspective,FALSE
long catch,FALSE
development and preliminary validation,FALSE
long layoff,FALSE
anaerobic and aerobic energy,FALSE
solstad and pierre-nicolas lemyre,FALSE
predictable effect,FALSE
good technical form,FALSE
recording chart,FALSE
primary aim of taper,FALSE
manifestation of imbalance,FALSE
propulsive technique,FALSE
warm-up be static,FALSE
maximum force,FALSE
low limb injury,FALSE
effect of wave drag,FALSE
muscular imbalance,FALSE
optimal workload,FALSE
total absence of dolphin,FALSE
implementation of taper,FALSE
3-site skinfold method,FALSE
sulcus sign,FALSE
flat portion of acromion process,FALSE
normality of datum,FALSE
acidosis,FALSE
propulsive phase of breaststrokers insweep,FALSE
zigzag hand pattern,FALSE
contribution of wave drag,FALSE
knee angle,FALSE
type of fiber,FALSE
flat style,FALSE
aspect of comprehensive prevention,FALSE
strength and flexibility training,FALSE
perception of mastery-involving climate,FALSE
achievement environment,FALSE
future training decision,FALSE
ep&s,FALSE
curvilinear pathway,FALSE
world championship participant,FALSE
precompetition,FALSE
waist crease asymmetry,FALSE
performance benefit,FALSE
postural measurement,FALSE
high interval exercise,FALSE
proportion of respondent,FALSE
glide performance,FALSE
line with body,FALSE
intraspecific transfer,FALSE
phase of front crawl,FALSE
flexion and internal rotation,FALSE
popular swimming stroke,FALSE
sum total training time,FALSE
pre-olympic swimming,FALSE
biceps tendonitis,FALSE
observation of figure,FALSE
noticeable fall-off,FALSE
non-dominant shoulder,FALSE
unique potential,FALSE
scientific explanation,FALSE
untrained individual,FALSE
method datum,FALSE
sound reasoning,FALSE
equal contribution,FALSE
short-term resistance exercise training,FALSE
habitual bilateral breather,FALSE
manual resistance,FALSE
injury prevention practice,FALSE
small influence,FALSE
theory of fluid movement,FALSE
morning workout of week,FALSE
mid-way,FALSE
phsyiol,FALSE
demand of training regime,FALSE
water motion,FALSE
strengthening of posterior shoulder,FALSE
palm of swimmer,FALSE
hip and lumbar extensor,FALSE
minimum velocity,FALSE
sport nutr exerc metab,FALSE
cognitive performance,FALSE
avoidance of regular practice,FALSE
considerable drag,FALSE
phase of backstroke arm stroke,FALSE
non-acclimatized swimmer,FALSE
excessive shoulder revolution,FALSE
brocca,FALSE
characteristic of type,FALSE
backward inertia,FALSE
saint-l√¥ club,FALSE
stage of race,FALSE
improvement level,FALSE
skinfold measure,FALSE
timing asymmetry,FALSE
recovery of leg,FALSE
cdepartment of internal medicine,FALSE
history of injury,FALSE
month of training,FALSE
absolute and relative frequency distribution,FALSE
steep angle,FALSE
review of literature,FALSE
intensity of workout,FALSE
biomechanists,FALSE
prediction of percent body fat,FALSE
rate of decay of velocity,FALSE
variety of sport,FALSE
level of self-regulated motivation,FALSE
major asymmetry,FALSE
study with rat,FALSE
full workout,FALSE
importance of anaerobic metabolism,FALSE
8th week,FALSE
usual training programme,FALSE
function change,FALSE
training and high incidence,FALSE
contrast and interference of image,FALSE
demographic datum,FALSE
early vertical forearm,FALSE
mechanical stress,FALSE
angle of elbow,FALSE
hypoxic exposure previous research,FALSE
ionotropic,FALSE
perier,FALSE
pb improvement,FALSE
additional detail,FALSE
hands-off,FALSE
individual measure,FALSE
atp-cp,FALSE
competitive race,FALSE
stager1,FALSE
power of simulated swimming,FALSE
work be intense,FALSE
cognitive restructuring,FALSE
shoulder and slender hip,FALSE
international journal of sport science,FALSE
discussion previous investigation,FALSE
elbe,FALSE
foremost concern,FALSE
autonomic nervous system,FALSE
dry land program,FALSE
3department,FALSE
high low high,FALSE
efficacy of intervention,FALSE
asymmetry and movement asymmetry,FALSE
single performance,FALSE
phase of stroke cycle,FALSE
athletic injury,FALSE
lactate metabolism,FALSE
line with team,FALSE
male and female track athlete,FALSE
performance problem,FALSE
battery of kinematic variable,FALSE
abdominal drawing-in maneuver,FALSE
typical practice,FALSE
term of volume and intensity,FALSE
multidimensional questionnaire,FALSE
aquatic milieu,FALSE
low ability,FALSE
department of human performance,FALSE
olivos pt,FALSE
strength and neural development,FALSE
inequitable contribution of limb,FALSE
excellent overhead view,FALSE
mitochondrial messenger,FALSE
tipton,FALSE
edge of board,FALSE
flat board,FALSE
eersel,FALSE
percentage improvement,FALSE
three-dimensional laser scanner,FALSE
muscle fiber recruitment result,FALSE
millisecond,FALSE
eveningness,FALSE
time with break,FALSE
uptake and respiratory enzyme,FALSE
tract of competitor,FALSE
undue emphasis,FALSE
thoughtfully conceived swim training,FALSE
strouhal number,FALSE
development of active movement,FALSE
question be consistent,FALSE
structure of skeleton,FALSE
kick be symmetrical,FALSE
clinical measure of shoulder mobility,FALSE
result of propulsion,FALSE
elbow joint,FALSE
late maturation,FALSE
primary component of improvement,FALSE
segment of individual swimmer,FALSE
animal and marine vessel,FALSE
harm and co worker,FALSE
long distance competition,FALSE
methacholine provocation,FALSE
portion of preceding downsweep,FALSE
long axis,FALSE
load and subsequent performance,FALSE
participant be blind,FALSE
resumption of workout,FALSE
basic understanding of training stress,FALSE
chickenpox,FALSE
ullev√•l stadion,FALSE
realistic opportunity,FALSE
strong and early catch,FALSE
specific exercise,FALSE
angle or lumbar lordosis,FALSE
initial contributor,FALSE
sigaut,FALSE
joint mobility,FALSE
low threshold,FALSE
lanfranconi,FALSE
uneven development,FALSE
major propulsive peak,FALSE
generation of force,FALSE
absolute time,FALSE
long rest period,FALSE
psychological perspective,FALSE
sport involvement,FALSE
swimming be problematic,FALSE
baseline be consistent,FALSE
swimmer functional pain scale,FALSE
absolute swim-time,FALSE
viscor,FALSE
elsevier,FALSE
section of survey,FALSE
poor practice skill,FALSE
american academy of paediatrics,FALSE
entry and incorrect hand,FALSE
familiarization,FALSE
3-month period,FALSE
turbulent flow,FALSE
competitive time,FALSE
postural assessment,FALSE
strong positive correlation,FALSE
race swimming,FALSE
biomechanic of drag and propulsion,FALSE
winning performance,FALSE
digital inclinometer,FALSE
surface performance,FALSE
nature of practice and conditioning session,FALSE
location of propulsive phase,FALSE
potential pb,FALSE
roughly equal number,FALSE
landmark be problematic,FALSE
simulated swimming action,FALSE
underwater kick,FALSE
excellent underwater kicker,FALSE
conclusion periodic hand force,FALSE
small number of swimmer,FALSE
positive test result,FALSE
situational motivation scale,FALSE
underwater view,FALSE
anterior instability,FALSE
ss or dw component,FALSE
intensity training high intensity,FALSE
body with broad chest,FALSE
performance response,FALSE
baseline competency,FALSE
development of asymmetry,FALSE
development of technical asymmetry,FALSE
training be consistent,FALSE
questionnaire package,FALSE
rio olympics christopher bacon,FALSE
major propulsive movement,FALSE
low limb alignment,FALSE
test-retest design,FALSE
asymmetry three-dimensional video technique,FALSE
international rule,FALSE
resting position of scapula,FALSE
duration of catch and pull,FALSE
performance analysis,FALSE
finish of race,FALSE
age of national-level swim,FALSE
competitive routine,FALSE
oxidative metabolism,FALSE
out-of-water training program,FALSE
center of mass of body,FALSE
scenario with small number,FALSE
nutrition neuromuscular research laboratory,FALSE
great decrease,FALSE
technique and respective variant,FALSE
effect of recovery of arm,FALSE
work of osborough,FALSE
standardize-time,FALSE
high train-low,FALSE
in-water and out-of-water training,FALSE
in-water practice yard,FALSE
video of martin zubero,FALSE
timing and adolescent swim,FALSE
type of coaching behavior,FALSE
pattern of breaststroke swimmer,FALSE
1st lumbar spinous process,FALSE
- stress,FALSE
sum of reading,FALSE
olympic-gold-medal -,FALSE
energetically efficient manner,FALSE
usa cdepartment,FALSE
individual swimming stroke,FALSE
